"Dothan, AL","Dothan, Alabama "
"Montgomery, AL","Montgomery,  "
"Tuscaloosa, AL","Tuscaloosa, Alabama "
"Globe, AZ","Globe, Arizona "
"Kayenta, AZ","Kayenta, Arizona "
"Payson, AZ","Payson, Arizona "
"Phoenix, AZ","Phoenix, Arizona "
"Phoenix, AZ","Phoenix, Arizona "
"Phoenix, AZ","Phoenix,  "
"Sedona, AZ","Sedona, Arizona "
"Arkadelphia, AR","Arkadelphia, Arkansas "
"Bentonville, AR","Bentonville, Arkansas "
"Blytheville, AR","Blytheville, Arkansas "
"Clarksville, AR","Clarksville, Arkansas "
"Forrest City, AR","Forrest City, Arkansas "
"Fort Smith, AR","Fort Smith, Arkansas "
"Anaheim, CA","Anaheim, California "
"Bakersfield, CA","Bakersfield,  "
"Beverly Hills, CA","Beverly Hills, California "
"Brea, CA","Brea, California "
"Calabasas, CA","Calabasas,  "
"Cambria, CA","Cambria, California "
"Campbell, CA","Campbell, California "
"Carlsbad, CA","Carlsbad,  "
"Castro Valley, CA","Castro Valley, California "
"Cerritos, CA","Cerritos,  "
"Chico, CA","Chico, California "
"Chula Vista, CA","Chula Vista, California "
"Commerce, CA","Commerce,  "
"Concord, CA","Concord,  "
"Corona, CA","Corona,  "
"Cupertino, CA","Cupertino,  "
"Daly City, CA","Daly City,  "
"Dana Point, CA","Dana Point, California "
"Del Mar, CA","Del Mar, California "
"Downey, CA","Downey,  "
"Dublin, CA","Dublin,  "
"El Cajon, CA","El Cajon,  "
"Emeryville, CA","Emeryville,  "
"Escondido, CA","Escondido, California "
"Fairfield, CA","Fairfield,  "
"Folsom, CA","Folsom,  "
"Fontana, CA","Fontana, California "
"Fremont, CA","Fremont,  "
"Fresno, CA","Fresno, California "
"Garden Grove, CA","Garden Grove, California "
"Glendale, CA","Glendale,  "
"Half Moon Bay, CA","Half Moon Bay, California "
"Hayward, CA","Hayward,  "
"Hesperia, CA","Hesperia,  "
"Highland, CA","Highland, California "
"Hollywood, CA","Hollywood,  "
"Huntington Beach, CA","Huntington Beach, California "
"Indio, CA","Indio,  "
"Irvine, CA","Irvine,  "
"Kirkwood, CA","Kirkwood, California "
"Kramer Junction, CA","Kramer Junction, California "
"Lake Elsinore, CA","Lake Elsinore,  "
"Lakewood, CA","Lakewood, California "
"Laytonville, CA","Laytonville,  "
"Long Beach, CA","Long Beach,  "
"Los Angeles, CA - Downtown ","Los Angeles, California "
"Malibu, CA","Malibu, California "
"Manhattan Beach, CA","Manhattan Beach, California "
"Marin City, CA","Marin City,  "
"Mendocino, CA","Mendocino, California "
"Merced, CA","Merced, California "
"Milpitas, CA","Milpitas, California "
"Mission Viejo, CA","Mission Viejo, California "
"Mojave, CA","Mojave,  "
"Moreno Valley, CA","Moreno Valley, California "
"Mountain View, CA","Mountain View,  "
"Napa, CA","Napa,  "
"Northridge, CA","Northridge,  "
"Oakland, CA","Oakland, California "
"Ontario, CA","Ontario, California "
"Palm Desert, CA","Palm Desert,  "
"Palmdale, CA","Palmdale, California "
"Palo Alto, CA","Palo Alto, California "
"Pasadena, CA","Pasadena,  "
"Petaluma, CA","Petaluma,  "
"Playa Vista, CA","Playa Vista, California "
"Pomona, CA","Pomona,  "
"Redding, CA","Redding,  "
"Redondo Beach, CA","Redondo Beach,  "
"Richmond, CA","Richmond, California "
"San Bernardino, CA","San Bernardino,  "
"San Carlos, CA","San Carlos, California "
"San Diego, CA","San Diego,  "
"San Diego, CA - La Jolla","San Diego,  "
"San Dimas, CA","San Dimas, California "
"San Felipe, CA","San Felipe,  "
"San Francisco, CA","San Francisco, California "
"San Francisco, CA - Financial District","San Francisco,  "
"San Francisco, CA - Mission","San Francisco,  "
"San Francisco, CA - SOMA","San Francisco,  "
"San Jose, CA","San Jose,  "
"San Luis Obispo, CA","San Luis Obispo,  "
"San Mateo, CA","San Mateo,  "
"San Rafael, CA","San Rafael,  "
"San Ramon, CA","San Ramon,  "
"Santa Barbara, CA","Santa Barbara,  "
"Santa Clara, CA","Santa Clara, California "
"Santa Clarita, CA","Santa Clarita,  "
"Santa Cruz, CA","Santa Cruz,  "
"Santa Monica, CA","Santa Monica,  "
"Santa Rosa, CA","Santa Rosa, California "
"Sherman Oaks, CA","Sherman Oaks,  "
"Simi Valley, CA","Simi Valley, California "
"Sonoma, CA","Sonoma, California "
"South San Francisco, CA","South San Francisco, California "
"Stockton, CA","Stockton,  "
"Studio City, CA","Studio City, California "
"Sunnyvale, CA","Sunnyvale,  "
"Thousand Oaks, CA","Thousand Oaks,  "
"Truckee, CA","Truckee,  "
"Tustin, CA","Tustin, California "
"Vallejo, CA","Vallejo,  "
"Venice, CA","Venice, California "
"Ventura, CA","Ventura, California "
"Visalia, CA","Visalia, California "
"Vista, CA","Vista,  "
"Walnut Creek, CA","Walnut Creek, California "
"West Covina, CA","West Covina, California "
"Yuba City, CA","Yuba City, California "
"Alamosa, CO","Alamosa,  "
"Aspen, CO","Aspen,  "
"Boulder, CO","Boulder,  "
"Denver, CO","Denver,  "
"Denver, CO - Tech Center","Denver, Colorado "
"Estes Park, CO","Estes Park,  "
"Montrose, CO","Montrose, Colorado "
"Poncha Springs, CO","Poncha Springs,  "
"Steamboat Springs, CO","Steamboat Springs, Colorado "
"Telluride, CO","Telluride, Colorado "
"Walsenburg, CO","Walsenburg, Colorado "
"Danbury, CT","Danbury,  "
"Darien, CT","Darien,  "
"New London, CT","New London, Connecticut "
"North Stamford, CT","North Stamford,  "
"Old Lyme, CT","Old Lyme,  "
"Stamford, CT","Stamford,  "
"Torrington, CT","Torrington,  "
"Trumbull, CT","Trumbull,  "
"Waterbury, CT","Waterbury, Connecticut "
"Dover, DE","Dover, Delaware "
"Columbia Heights, DC","Columbia Heights, District of Columbia "
"Washington NE, DC","Washington NE, District of Columbia "
"Washington SE, DC","Washington SE, District of Columbia "
"Washington, DC","Washington,  "
"Altamont Springs, FL","Altamont Springs,  "
"Aventura, FL","Aventura,  "
"Boca Raton, FL","Boca Raton,  "
"Celebration, FL","Celebration, Florida "
"Delray Beach, FL","Delray Beach, Florida "
"Destin, FL","Destin, Florida "
"Fort Myers, FL","Fort Myers,  "
"Fort Myers, FL","Fort Myers,  "
"Gainesville, FL","Gainesville, Florida "
"Hollywood, FL","Hollywood, Florida "
"Jacksonville, FL","Jacksonville, Florida "
"Lakeland, FL","Lakeland, Florida "
"Miami Beach, FL - Bal Harbour","Miami Beach, Florida "
"Miami Beach, FL - South Beach","Miami Beach, Florida "
"Miami, FL - Brickell","Miami,  "
"Miami, FL - Coral Gables","Miami, Florida "
"Miami, FL - Wynwood","Miami,  "
"North Naples, FL","North Naples, Florida "
"Orlando, FL","Orlando,  "
"Pembroke Pines, FL","Pembroke Pines, Florida "
"Plantation, FL","Plantation,  "
"Riverside Park, FL","Riverside Park, Florida "
"Tampa, FL - Clear Water","Tampa, Florida "
"Tampa, FL - Hyde Park","Tampa, Florida "
"Tampa, FL - Wesley Chapel","Tampa, Florida "
"West Palm Beach, FL","West Palm Beach,  "
"Weston, FL","Weston, Florida "
"Yeehaw Junction, FL","Yeehaw Junction, Florida "
"Atlanta, GA","Atlanta,  "
"Atlanta, GA - Cumberland","Atlanta, Georgia "
"Buford, GA","Buford,  "
"College Park, GA","College Park, Georgia "
"Columbus, GA","Columbus, Georgia "
"Forest Park, GA","Forest Park, Georgia "
"Madison, GA","Madison,  "
"Metter, GA","Metter, Georgia "
"Honolulu, HI","Honolulu,  "
"Kailua, HI","Kailua, Hawaii "
"Maui, HI","Maui, Hawaii "
"Heyburn, ID","Heyburn, Idaho "
"Mountain Home, ID","Mountain Home, Idaho "
"Chicago, IL - Lincoln Park","Chicago,  "
"Glenview, IL","Glenview, Illinois "
"Marion, IL","Marion, Illinois "
"Rosemont, IL","Rosemont, Illinois "
"Bloomington, IN","Bloomington, Indiana "
"Elberfeld, IN","Elberfeld, Indiana "
"Fishers , IN","Fishers, Indiana "
"Indianapolis, IN - Downtown","Indianapolis, Indiana "
"Merrilville, IN","Merrilville, Indiana "
"Altoona, IA","Altoona, Iowa "
"Dubuque, IA","Dubuque, Iowa "
"Shelby, IA","Shelby, Iowa "
"Sioux City, IA","Sioux City, IA "
"Emporia, KS","Emporia, Kansas City "
"Olathe, KS","Olathe, Kansas City "
"New Orleans, LA","New Orleans,  "
"Baring, ME","Baring, Maine "
"Kennebunk, ME","Kennebunk, Maine "
"Medway, ME","Medway, Maine "
"Portland, ME","Portland, Maine "
"West Forks, ME","West Forks, Maine "
"Annapolis, MD","Annapolis, Maryland "
"Baltimore, MD","Baltimore, Maryland "
"Beltsville, MD","Beltsville,  "
"Bethesda, MD","Bethesda, Maryland "
"Elkridge, MD","Elkridge, Maryland "
"Frederick, MD","Frederick, Maryland "
"Greenbelt, MD","Greenbelt, Maryland "
"Halethorpe, MD","Halethorpe,  "
"Beverly, MA","Beverly,  "
"Boston, MA - Fenway/Kenmore","Boston, Massachusetts "
"Boston, MA - Seaport","Boston, Massachusetts "
"Braintree, MA","Braintree,  "
"Burlington, MA","Burlington, Massachusetts "
"Charlestown, MA","Charlestown, Massachusetts "
"Falmouth, MA","Falmouth, Massachusetts "
"Lynnfield, MA","Lynnfield,  "
"Mansfield, MA","Mansfield,  "
"Natick, MA","Natick,  "
"Orleans, MA","Orleans,  "
"Seekonk, MA","Seekonk,  "
"Somerville, MA","Somerville, Massachusetts "
"South Dennis, MA","South Dennis, Massachusetts "
"Waltham, MA","Waltham, Massachusetts "
"Wareham, MA","Wareham,  "
"Atlanta, GA - Virginia Highlands","Atlanta, Michigan "
"Auburn Hills, MI","Auburn Hills,  "
"Claire, MI","Claire, Michigan "
"Detroit, MI","Detroit, Michigan "
"Escanaba, MI","Escanaba, Michigan "
"Gaylord, MI","Gaylord, Michigan "
"Mackinaw City, MI","Mackinaw City, Michigan "
"Novi, MI","Novi, Michigan "
"Swartz Creek, MI ","Swartz Creek, Michigan "
"Alexandria, MN","Alexandria, Minnesota "
"Bloomington, MN","Bloomington, Minnesota "
"Maple Grove, MN","Maple Grove, Minnesota "
"Minneapolis, MN","Minneapolis,  "
"St Paul, MN","St Paul, Minnesota "
"Brookhaven, MS","Brookhaven, Mississippi "
"Hattiesburg, MS","Hattiesburg,  "
"Bethany, MO","Bethany, Missouri "
"Kansas City, MO","Kansas City,  "
"Mehlville, MO","Mehlville, Missouri "
"St Joseph, MO","St Joseph, Missouri "
"St. Louis, MO","St. Louis,  "
"Bighorn, MT","Bighorn, Montana "
"Glendive, MT","Glendive, Montana "
"Great Falls, MT","Great Falls, Montana "
"Helena, MT","Helena, Montana "
"Kalispell, MT","Kalispell, Montana "
"Miles City, MT","Miles City, Montana "
"Shelby, MT","Shelby, Montana "
"Las Vegas, NV - Henderson","Las Vegas, Nevada "
"Primm, NV","Primm,  "
"Reno, NV","Reno,  "
"North Conway, NH","North Conway,  "
"Rochester, NH","Rochester, New Hampshire "
"Wolfeboro, NH","Wolfeboro, New Hampshire "
"Barnegat Township, NJ","Barnegat Township,  "
"Bridgewater, NJ","Bridgewater, New Jersey "
"Cape May, NJ","Cape May, New Jersey "
"Cherry Hill, NJ","Cherry Hill, New Jersey "
"Hackensack, NJ","Hackensack,  "
"Hamilton Township, NJ","Hamilton Township,  "
"Jersey City, NJ","Jersey City,  "
"Mount Laurel, NJ","Mount Laurel,  "
"Newark, NJ","Newark,  "
"Parsippany-Troy Hills, NJ","Parsippany-Troy Hills,  "
"Princeton, NJ","Princeton, New Jersey "
"Summit, NJ","Summit, New Jersey "
"Tom's River, NJ","Tom's River, New Jersey "
"West Orange, NJ","West Orange, New Jersey "
"Woodbridge, NJ","Woodbridge,  "
"Clayton, NM","Clayton, New Mexico "
"Clovis, NM","Clovis, New Mexico "
"Grants, NM","Grants, New Mexico "
"Soccoro, NM","Soccoro,  "
"Astoria, NY","Astoria, New York "
"Bergen Beach, NY","Bergen Beach, New York "
"Brooklyn Heights, NY","Brooklyn Heights, New York "
"Brooklyn, NY","Brooklyn,  "
"Buffalo, NY","Buffalo, New York "
"Centuck, NY","Centuck, New York "
"Chelsea, NY","Chelsea, New York "
"Elmhurst, NY","Elmhurst, New York "
"Harlem, NY","Harlem, New York "
"Hicksville, NY","Hicksville,  "
"Islandia, NY","Islandia,  "
"Ithaca, NY","Ithaca, New York "
"Kips Bay, NY","Kips Bay, New York "
"Little Neck, NY","Little Neck, New York "
"Lower Manhattan, NY","Lower Manhattan,  "
"Manhattan, NY","Manhattan,  "
"Manhattan, NY - Midtown","Manhattan,  "
"Manorville, NY","Manorville,  "
"New Rochelle, NY","New Rochelle,  "
"Oneonta, NY","Oneonta, New York "
"Queens, NY","Queens,  "
"Roscoe, NY","Roscoe, New York "
"Roxbury Township, NY","Roxbury Township, New York "
"Salamanca, NY","Salamanca, New York "
"Shirley, NY","Shirley, New York "
"Two Bridges, NY","Two Bridges, New York "
"Upper East Side, NY","Upper East Side, New York "
"Valley Stream, NY","Valley Stream, New York "
"Wantagh, NY","Wantagh, New York "
"West Nyack, NY","West Nyack, New York "
"Woodbury, NY","Woodbury, New York "
"Yonkers, NY","Yonkers,  "
"Durham, NC","Durham, North Carolina "
"Point Harbor, NC","Point Harbor, North Carolina "
"Statesville, NC","Statesville,  "
"Bismarck, ND","Bismarck, North Dakota "
"Dickinson, ND","Dickinson, North Dakota "
"Fargo, ND","Fargo, North Dakota "
"Grand Forks, ND","Grand Forks, North Dakota "
"Jamestown, ND","Jamestown, North Dakota "
"Pembina, ND","Pembina, North Dakota "
"Cleveland, OH","Cleveland, Ohio "
"Columbus, OH","Columbus, Ohio "
"Dublin, OH","Dublin, Ohio "
"Polaris, OH","Polaris, Ohio "
"Sandusky, OH","Sandusky, Ohio "
"Sheffield, OH","Sheffield, Ohio "
"Strongsville, OH","Strongsville, Ohio "
"West Cincinnati, OH","West Cincinnati, Ohio "
"Henryetta, OK","Henryetta, Oklahoma "
"Boardman, OR","Boardman,  "
"Hood River, OR","Hood River, Oregon "
"Madras, OR","Madras, Oregon "
"Newport, OR","Newport, Oregon "
"Ontario, OR","Ontario, Oregon "
"Portland, OR","Portland,  "
"Portland, OR  - NW","Portland, Oregon "
"Portland, OR - NE","Portland, Oregon "
"Portland, OR - SE","Portland, Oregon "
"Roseburg, OR","Roseburg, Oregon "
"Salem, OR","Salem, Oregon "
"Tigard, OR","Tigard,  "
"Woodburn, OR","Woodburn,  "
"Altoona, PA","Altoona, Pennsylvania "
"King of Prussia, PA","King of Prussia,  "
"Lancaster, PA","Lancaster, Pennsylvania "
"Philadelphia, PA","Philadelphia,  "
"Pittsburgh, PA","Pittsburgh, Pennsylvania "
"Plymouth Meeting, PA","Plymouth Meeting, Pennsylvania "
"Newport, RI","Newport, Rhode Island "
"Charleston, SC","Charleston,  "
"Custer, SD","Custer, South Dakota "
"Wall, SD","Wall, South Dakota "
"Manchester, TN","Manchester, Tennessee "
"Nashville, TN","Nashville,  "
"Austin, TX - Downtown","Austin,  "
"Beaumont, TX","Beaumont, Texas "
"Brenham, TX","Brenham, Texas "
"Cedar Park, TX","Cedar Park, Texas "
"College Station, TX","College Station, Texas "
"Dallas, TX","Dallas,  "
"Dallas, TX - Mesquite","Dallas, Texas "
"Dilley, TX","Dilley,  "
"Falfurrias, TX","Falfurrias, Texas "
"Fort Stockton, TX","Fort Stockton,  "
"Fort Worth, TX","Fort Worth,  "
"Fredericksburg, TX","Fredericksburg,  "
"Grapevine, TX","Grapevine,  "
"Houston, TX","Houston,  "
"Houston, TX - Katy","Houston, Texas "
"Houston, TX - Uptown","Houston, Texas "
"Lubbock, TX","Lubbock, Texas "
"Pecos, TX","Pecos,  "
"Plano, TX","Plano,  "
"San Angelo, TX","San Angelo, Texas "
"San Antonio, TX","San Antonio,  "
"San Antonio, TX -Walden Meadows","San Antonio, Texas "
"Sugarland, TX","Sugarland, Texas "
"Wichita Falls, TX","Wichita Falls,  "
"Ogden, UT","Ogden, Utah "
"Park City, UT","Park City, Utah "
"Lyndon, VT","Lyndon, Vermont "
"Rutland, VT","Rutland, Vermont "
"Arlington, VA","Arlington, Virginia "
"Fairfax, VA","Fairfax,  "
"Gainesville, VA","Gainesville, Virginia "
"Newport News, VA","Newport News, Virginia "
"Tysons, VA","Tysons,  "
"Bellevue, WA","Bellevue,  "
"Chelan, WA","Chelan, Washington "
"Ellensburg, WA","Ellensburg,  "
"Enumclaw, WA","Enumclaw, Washington "
"Forks, WA","Forks, Washington "
"Kirkland, WA - Totem Lake","Kirkland, Washington "
"Longview, WA","Longview, Washington "
"Okanogan, WA","Okanogan, Washington "
"Olympia, WA","Olympia,  "
"Ritzville, WA","Ritzville,  "
"Seattle, WA","Seattle,  "
"Seattle, WA - Northgate","Seattle, Washington "
"Seattle, WA - University Village","Seattle, Washington "
"Snoqualmie, WA","Snoqualmie,  "
"Spokane, WA","Spokane, Washington "
"Tacoma, WA","Tacoma, Washington "
"Wenatchee, WA","Wenatchee,  "
"Yakima, WA","Yakima, Washington "
"Beckley, WV","Beckley,  "
"Parkersburg, WV","Parkersburg, West Virgina "
"Lake Geneva, WI","Lake Geneva, Wisconsin "
"Milwaukee, WI","Milwaukee,  "
"Sturgeon Bay, WI","Sturgeon Bay,  "
"Casper, WY","Casper, Wyoming "
"Cody, WY","Cody, Wyoming "
"Rawlins, WY","Rawlins,  "
"Wheatland, WY","Wheatland, Wyoming "
